id,name,email,phone,status,created_at,updated_at
MmName
"Contact Name"
John
"Contact Name"
"Dennis Rosenbaum"
"Anabelle Terry"
"Madonna Will"
"Jeanne Parker V"
"Miss Tyra Frami"
"Retta Hintz"
"Nicholaus Deckow Jr."
"Franco Lowe III"
"Demarcus Simonis"
"Miss Vivien Crona III"
"Christopher Stamm"
"Miss Madisyn Torphy"
"Ernesto Wuckert"
"Dr. Emmie Donnelly PhD"
"Macie Lindgren"
"Kaylin Trantow"
"Felicia Hettinger"
"Clara Mraz"
"Prof. Freeman Wehner"
"Dr. Adaline Mraz"
"Maudie Deckow"
"Lennie Ullrich DVM"
"Everardo Weissnat"
"Ethyl Mohr MD"
"Finn Beahan DVM"
"Maggie Schmeler"
"Athena Schiller"
"Mrs. Kallie Strosin"
"Mr. Talon Mayert Sr."
"Dr. Tobin Hahn Sr."
"Lou Dickinson"
"Frances Collier MD"
"Nelle Graham"
"Lulu Bernhard Sr."
"Syble Breitenberg"
"Maude Hoppe"
"Jed Marks"
"Ms. Rachelle Macejkovic"
"Bertha Lang"
"Jeff Ritchie I"
"Prof. Carmel Grady Sr."
"Ada Smith"
"Mrs. Paige Conroy Sr."
"Haylee Cormier"
"Edwin Corwin"
"Liana Berge"
"Prof. Hubert Corwin"
"Marquis Sawayn"
"Miss Christine Kozey PhD"
"Rosalyn Ward DDS"
"Delmer Parisian"
"Concepcion Schneider"
"Onie Leuschke"
"Ubaldo Kub PhD"
"Gregorio Marks"
"Ofelia Jaskolski"
"Rhea Miller"
"Dr. Chesley Beer"
"Lucas Maggio"
"Lavinia Huel"
"Baylee Casper"
"Prof. Adolfo Hauck V"
"Marietta Heathcote"
"Agnes Boehm I"
"Golden Rohan"
"Prof. Weldon Gutkowski PhD"
"Delmer Veum"
"Mrs. Gabriella Weber"
"Everette Jerde"
"Stefanie Mueller"
"Izabella Streich"
"Elena Hauck"
"Trace Grant"
"Winston Daniel"
"Brigitte Legros"
"Nathanael Nicolas PhD"
"Domenick Pagac II"
"Willis Lindgren"
"Trisha Wisoky II"
"Gayle Gorczany"
"Prof. Cale Carter IV"
"Flossie Spencer"
"Cruz Von"
"Mr. Eliseo Dach PhD"
"Mrs. Kiana Shanahan"
"Janiya Mayer"
"Alisha Wintheiser"
"Eunice Marvin"
"Antonina Kuhn"
"Mr. Blake Cormier"
"Doyle O'Reilly"
"Mr. Michel Feest"
"Mr. Grant Bahringer"
"Margarete Schaden"
"Dallin Abshire"
"Mr. Mervin Hegmann"
"Dr. Coleman Dach DVM"
"Elyse Marquardt"
"Dimitri Kohler"
"Mr. Guy Johns"
"Ramona Zulauf"
"Rebecca Kemmer"
"Damon Abshire"
"Connor Hoppe"
"Hans Larson"
"Mr. Garnet Bruen III"
"Ephraim Barrows"
"Cara Kassulke III"
"Kayley Sipes"
"Dr. Cindy Blanda III"
"Kacie Koelpin"
"Vincent Hettinger"
"Dr. Mauricio Reichert"
"Friedrich Swift"
"Keira Stroman II"
"Devyn Wiza"
"Carlee Weimann"
"Shyann Klein Sr."
"Addison Gutkowski"
"Eleanora Waters"
"Mireille Hauck"
"Miss Grace Hayes I"
"Mckayla Brown"
"Maxime Larkin"
"Laura Thiel II"
"Flavio Stiedemann"
"Joan Kirlin"
"Dee Torphy"
"Leonel Lakin"
"Prof. Sonny Bartell I"
"Mr. Waino Larkin III"
"Miss Cayla Konopelski"
"Prof. Sierra Cummerata"
"Rosalee Corwin"
"Shanie Anderson"
"Prof. Selmer Schaden Sr."
"Lelia Graham"
"Renee Kshlerin III"
"Tomas Schuster"
"Jeremie McKenzie"
"Amari Friesen"
"Kattie Armstrong"
"Jammie Roberts"
"Chauncey Lindgren"
"Vallie Dickens"
"Yesenia Ullrich"
"Easton Dicki"
"Alexandrine Pfeffer"
"Kelli Wintheiser MD"
"Dr. Mozelle Huel"
"Samir Lebsack Jr."
"Arden Hackett"
"Wiley Ortiz"
"Dr. Rylan Boehm II"
"Doug Brakus"
"Mr. Emerald Hoeger"
"Rita Cormier"
"Thora Kassulke II"
"Ms. Joanie Balistreri MD"
"Claudine Legros"
"Alycia Heathcote"
"Raina Marks DVM"
"Ephraim Little"
"Prof. Nora Borer Sr."
"Mr. Ethel Macejkovic"
"Dr. Garrison Zboncak"
"Hazel Braun"
"Kyle Beer"
"Kevin Eichmann Sr."
"Tracey Walker"
"Mrs. Evangeline O'Hara"
"Shaniya Kreiger"
"Matt Lemke"
"Elias Bode"
"Maryse Kihn"
"Westley Bradtke"
"Ezequiel Metz"
"Rachel Johns"
"Dr. Adrienne Schamberger"
"Ms. Gregoria Wintheiser"
"Shakira Metz"
"Mr. Joshuah Langosh"
"Alvah Hansen"
"Kaden Adams"
"Marlin Howell"
"Patricia Dibbert"
"Maxie Rempel"
"Adeline Bauch"
"Mrs. Judy Schaden V"
"Ford Conn"
"Prof. Dewitt Wyman"
"Dr. Ransom Greenfelder IV"
"Maya Beatty"
"Ms. Lela Boyer"
"Ms. Sunny Grady I"
"Jerel Davis"
"Mittie Kutch"
"Dewayne Frami"
"Mr. Taylor Thompson Jr."
"Dr. Trevion Schmitt"
"Mr. Ezekiel Farrell"
"Dino Hintz"
"Prof. Dayana Reinger"
"Hayley Graham"
"Aditya Turcotte MD"
"Mr. Albin Ernser"
"Cassandre Hickle"
"Miss Aletha Baumbach"
"Kara Hane"
"Dr. Jayde Altenwerth II"
"Mr. Colton Ortiz"
"Miss Shanelle Crist II"
"Dr. Cruz Howe"
"Dr. Timothy Russel"
"Sunny Kovacek"
"Fidel Ward Sr."
"Miss Dixie Borer"
"Julie Raynor"
"Ms. Matilda Marks DDS"
"Jeromy Schmeler"
"Queenie Jakubowski"
"Alden Schulist PhD"
"Elta Schimmel"
"Rosalia Armstrong"
"Koby Carter"
"Zion Beer"
"Dessie Veum"
"Corine Rippin"
"Nicholaus Dooley"
"Newton King MD"
"Everette Morissette"
"Ona Hettinger"
"Carmine Feest"
"Anastasia Keeling"
"Dr. Destin Williamson"
"Macy Ullrich"
"Haskell Turner"
"Marion Gusikowski"
"Mrs. Bethany Kilback"
"Celestino Fahey"
"Delilah Will"
"Ms. Angelita Jakubowski"
"Korey Ryan"
"William Lind"
"Mr. Joany Bruen"
"Litzy Doyle IV"
"Dr. Ernesto Quigley"
"Ali Kuhlman"
"Winifred Wisoky Jr."
"Soledad Pfeffer V"
"Prof. Camden Howell PhD"
"Dr. Bernadine Fadel"
"Mr. Dayton Abbott II"
"Prof. Nels Considine"
"Katelyn Fisher"
"Mrs. Trinity Beier"
"Keon Goldner"
"Vivian Medhurst"
"Myles Smitham"
"Dr. Berniece Dickens I"
"Renee Leffler"
"Dejah Koch"
"Yvonne Wyman"
"Viviane Quitzon"
"Gertrude Cormier"
"Ole Conroy"
"Dr. Afton Schuster"
"Zelma Kling"
"Dianna Gerhold"
"Marianne Kris"
"Mr. Angus Stark I"
"Conrad Upton"
"Sally Zemlak"
"Jed Bashirian"
"Stevie Zboncak"
"Kamren Funk"
"Mrs. Sandy Bergnaum"
"Reginald Powlowski"
"Theo Kling"
"Kaya Boehm"
"Prof. Heloise Gerlach"
"Isabella Schulist"
"Ansley Connelly I"
"Cathy Batz"
"Ms. Emmy Little"
"Norval Bartoletti Jr."
"Helena Ratke"
"Prof. Rickie Roob"
"Lavonne Abshire"
"Crystal Abshire"
"Justus Hill"
"Carlie Fahey"
"Sydnee Weimann Jr."
"Mckayla Bergnaum"
"Samir Collins"
"Maynard West"
"Cassandre Bayer"
"Samson Stehr"
"Rowena Mayert"
"Hilario Cruickshank IV"
"Theresia Kuhic PhD"
"Prof. Rosalinda Toy PhD"
"Estelle Morar"
"Dr. Linnie Metz"
"Reta Russel"
"Hyman Kozey"
"Mr. Cicero Greenfelder"
"Barney Raynor III"
"Magdalena Sauer"
"Prof. Sandy Schoen II"
"Prof. Nikolas Koch I"
"Solon Keebler"
"Eden Cummerata"
"Kali Jaskolski DVM"
"Ruth Cummings"
"Albertha Franecki"
"Hollie Hyatt"
"Einar Hane"
"Prof. Katrine Moen"
"Melvina Schneider"
"Westley Mohr"
"Neil Schaefer"
"Roderick Sipes IV"
"Anthony O'Connell"
"Garnett Considine"
"Elta Greenholt Sr."
"Chance Hand MD"
"Eda Towne"
"Easter Pouros"
"Armani Kozey"
"Eunice Frami"
"Oral Little"
"Pearl Cummings"
"Roel Mueller"
"Gerald Ortiz"
"Raphael Schaden"
"Emmett Littel"
"Ms. Tessie Cummings"
"Van Heller"
"Destini Purdy"
"Dr. Maryse Schulist MD"
"Carolanne Goldner"
"Prof. Ricky Wilderman"
"Mrs. Beverly Schumm"
"Ms. Bernita Hayes"
"Rae Hoeger"
"Chaim Cummings Sr."
"Elta Jacobs"
"Mr. Granville Friesen I"
"Cordelia Leffler"
"Joseph Graham"
"Issac Treutel"
"Ellsworth Herzog II"
"Annabell Brown Jr."
"Larue Braun"
"Madison Kunze"
"Connor Labadie"
"Sim Kirlin MD"
"Prof. Linnie Pollich IV"
"Amy Metz"
"Gerda Rau"
"Prof. Vernon Luettgen Jr."
"Dessie Wunsch"
"Mr. Franz Rath III"
"Mr. Jordan Rutherford"
"Mr. Henri Thiel IV"
"Dr. Kenya Ankunding"
"Mr. Hester Armstrong"
"Prof. Estel Lowe"
"Marta Reichel"
"Dr. Marcelino Purdy PhD"
"Dewitt Heidenreich"
"Afton Collier"
"Dorcas Abbott Sr."
"Deanna Metz II"
"Sonya Lakin"
"Dr. Jillian Senger"
"Mr. Andy Ullrich PhD"
"Merlin Mayert I"
"Juliana Rippin"
"Leatha Wiza"
"Kiara Cassin"
"Alejandrin Herman"
"Dr. Adrien Bode II"
"Mrs. Shaina Koepp DVM"
"Neha Williamson"
"Mr. Newell Feil"
"Ms. Asha Marvin"
"Aleen Rolfson"
"Janie Stracke"
"Angelita Bayer"
"Dr. Delaney Howe I"
"Priscilla DuBuque"
"Carmelo Durgan"
"Wade Barrows"
"Mrs. Kathryne Senger I"
"Dr. Jasmin Schroeder III"
"Prof. Ernestina Hagenes"
"Miss Natalia Mertz"
"Odie Kub"
"Josiane Rutherford"
"Oliver Jacobson"
"Ms. Tamia Abshire IV"
"Aliyah Goldner DDS"
"Ignacio Roob IV"
"Tyreek Murray"
"Lionel Gusikowski"
"Amani Mueller"
"Emmie Gerhold"
"Audreanne Hodkiewicz"
"Libbie Ernser"
"Mrs. Clarabelle Stroman"
"Dr. Carlie McCullough"
"Prof. Cordie Veum Sr."
"Lambert Blick Sr."
"Edgardo Rowe"
"Lauretta Dooley"
"Ms. Vanessa Effertz MD"
"Geoffrey Daugherty"
"Nathanial Pagac Jr."
"Garnett Schaden"
"Shad Koch"
"Arvilla Crona"
"Luigi Connelly"
"Miss Erna Barton"
"Miss Leonie Hessel"
"Ms. Jenifer Kuhic MD"
"Marianne Hamill"
"Isaias Crona"
"Clemens Larkin"
"Dr. Elvis Hegmann PhD"
"Carlotta Larkin"
"Sierra Bartell"
"Mr. Westley Wintheiser PhD"
"Makenna Wintheiser"
"Raheem Sauer"
"Prof. Dusty Cartwright DDS"
"Lorenz Emmerich"
"Mrs. Marguerite Koepp II"
"Mr. Barry Labadie"
"Dejuan Heaney II"
"Prof. Bridgette Sanford"
"Anne Jacobi"
"Mr. Hester Lockman"
"Neal Wisozk"
"Cynthia Quigley"
"Jackeline Leuschke"
"Pattie Bradtke"
"Mrs. Katelyn Hackett"
"Nelson Mraz"
"Elenor Hoeger"
"Mariah Kunde"
"Myrl Harvey"
"Iliana Hettinger"
"Lurline Lynch"
"Quincy Jast"
"Prof. Gaston Rempel DVM"
"Eulalia Feeney"
"Vern Upton Sr."
"Annamarie Altenwerth DVM"
"Randi West"
"Magnus Rowe V"
"Quincy Hammes DVM"
"Mrs. Shany Bergnaum IV"
"Prof. Sigurd Schamberger V"
"Georgette Haley"
"Mac Ruecker V"
"Mr. Mortimer Berge"
"Maeve Yost"
"Ms. Luisa Hagenes IV"
"Karine Cummings"
"Pat Gottlieb"
"Sandrine Ebert"
"Garry Lynch"
"Ms. Candida Johnson IV"
"Mrs. Vicenta Huel IV"
"Laverne Bernier"
"Glen Dach"
"Velva Bosco"
"Kaci DuBuque"
"Mustafa Bradtke PhD"
"Manuel Cummerata"
"Juanita Jerde"
"Madelynn Jerde"
"Chaya Larkin"
"Drew Bednar"
"Betsy Huels"
"Craig Schultz"
"Reanna Mraz"
"Melisa Conn MD"
"Wayne Herman"
"Lenora Tillman"
"Wilhelmine Hettinger"
"Ms. Eunice Bartell I"
"Miss Beaulah Mertz"
"Prof. Xzavier Bogisich MD"
"Dorothea Abbott"
"Oliver Homenick DVM"
"Justine West"
"Ana Mayer"
"Tatum Kovacek PhD"
"Elinore Schulist"
"Assunta Jerde DDS"
"Laney Schaden"
"Dr. Alexys Gerhold"
"Nelle Gerlach"
"Angelica Cartwright"
"Earline Herzog"
"Kieran Cormier"
"Sofia Hane"
"Mrs. Carli Fritsch V"
"Mr. Jan Gottlieb"
"Dr. Pink Yundt III"
"Chadd Bernier"
"Mr. Franz Harvey DVM"
"Elton Goldner V"
"Prof. Kevin Dickens V"
"Chadrick Stokes IV"
"Terrell Leffler"
"Queenie Cartwright"
"Enrique Fahey"
"Eleanora Jenkins"
"Aurelie Daniel"
"Miss Shyanne Stoltenberg I"
"Ms. Shea Leffler Jr."
"Dr. Rahsaan Ondricka"
"Kaitlin Oberbrunner"
"Nayeli Larkin"
"Dr. Craig Marvin I"
"Velva Bednar"
"Tanya Treutel"
"Rey Conn"
"Charlene Lind DVM"
"Anabel Lang"
"Prof. Skye Ernser V"
"Garrett Gleichner"
"Grace Nolan II"
"Mr. Broderick Schamberger"
"Frida Mosciski"
"Danielle Bartoletti"
"Dr. Tate Kunze"
"Laurianne Larson"
"Orland Ondricka"
"Chyna Hilpert"
"Prof. Lane Hegmann I"
"Osbaldo Goyette"
"Verdie Barrows"
"Saul Zieme"
"Misty Hagenes"
"Cathy Pfannerstill"
"Prof. Norris Mann V"
"Mrs. Fabiola Bradtke III"
"Jamal Marquardt"
"Velma Beier"
"Ms. Zita Lehner DDS"
"Adelia Kulas"
"Dr. Daphnee Hill"
"Bobbie Schuppe"
"Connor Legros MD"
"Prof. Clare Windler DDS"
"Ida Kuhn"
"Mrs. Lila Kuhlman IV"
"Maximo Connelly"
"Darlene Dare"
"Prof. Wilma Kirlin"
"Fannie Cruickshank I"
"Kavon Kirlin"
"Mrs. Leda Morar"
"Shirley Bartoletti"
"Doyle Friesen"
"Marcelle Flatley"
"Brenden Schmitt"
"Erika Paucek I"
"Santino Kulas"
"Janie Bergstrom Jr."
"Kaleigh Rodriguez"
"Dr. Jewell Kirlin"
"Sheridan Hills"
"Corene Bosco"
"Prof. Vincent Hickle I"
"Retha Wolf"
"Hollie Schiller"
"Mrs. Evangeline Marvin"
"Effie Jakubowski"
"Simeon Parisian"
"Delfina Cronin"
"Helene Predovic PhD"
"Shania Hyatt II"
"Miss Odie Bins DDS"
"Royce Dickinson"
"Carlotta Crona"
"Yessenia Doyle"
"Ms. Elda Cassin DVM"
"Albin Koelpin"
"Prof. Macey Wiza"
"Chelsea White"
"Rosanna Runolfsdottir"
"Brianne McCullough"
"Dr. Lucio Reinger"
"Dion Kiehn"
"Keshaun McCullough III"
"Precious Stiedemann DVM"
"Gregory Bergstrom"
"Mr. Mark Kub"
"Dr. Justine Bogan"
"Loma Kozey"
"Anais Thiel"
"Dr. Toy Kuhn"
"Enoch Lehner"
"Francisco Treutel V"
"Sydni Rau"
"Maria Reichert I"
"Ebba Wehner"
"Vilma Spencer PhD"
"Prof. Birdie Gibson"
"Kallie Halvorson"
"Prof. Bradly Lowe"
"Torey Howell"
"Abagail Dach"
"Dan Orn MD"
"Golda Pfeffer"
"Isobel Kassulke"
"Mr. Norris Gusikowski Sr."
"Floy Ledner"
"Delia Johnson"
"Ms. Britney Schultz III"
"Dario Goyette"
"Mrs. Harmony Johnson DDS"
"Irving Murazik Jr."
"Miss Talia Cole V"
"Clementine Stark"
"Reginald Kub"
"Ferne Boyer"
"Elisha Strosin"
"Nola Braun"
"Fred Cummings"
"Dr. Patrick Lindgren DVM"
"Maynard Kunde"
"Al Adams"
"Dr. Anastasia Prohaska"
"Jewel Flatley DDS"
"Ludie Rogahn"
"Claudia Runolfsson"
"Romaine Dach"
"Destiney Armstrong"
"Dr. Jarrod Hodkiewicz"
"Mable Kuhn"
"Precious Roob"
"Alvera Hill"
"Prof. Carmella Hills PhD"
"Reyna Feil"
"Dangelo Goyette"
"Susie Volkman"
"Fae White V"
"Prof. Moshe Stoltenberg"
"Christelle Bergnaum DVM"
"Dr. Oceane Turcotte DVM"
"Dr. Consuelo Walker Jr."
"Prof. Adriel Brakus I"
"Christa Lueilwitz"
"Prof. Arlene Jenkins"
"Ms. Marlene Hand"
"Kareem Macejkovic"
"Mr. Vernon Batz"
"Assunta Wiegand"
"Cristobal Johnson"
"Prof. Nyah Emmerich Sr."
"Dr. Rodolfo Fay"
"Prof. Peggie Kilback"
"Adah Torp"
"Mabel Schuster Sr."
"Serenity Goldner"
"Reagan Cummings"
"Ms. Mabel Boehm IV"
"Dr. Dessie Johnston V"
"Stefan Tromp"
"Kole Berge"
"Salvador McDermott"
"Ms. Abigail Kautzer V"
"Dr. Cullen Rolfson"
"Tremayne Feeney"
"Paige Jacobi PhD"
"Prof. Barrett Nicolas II"
"Reta Kling I"
"Madalyn O'Hara II"
"Alvina Rutherford"
"Thalia Cole"
"Miss Valentine Lowe DVM"
"Maybelle Frami"
"Mohammed Daugherty IV"
"Prof. Jaeden Osinski IV"
"Prof. Braden Rohan V"
"Dr. Chandler Leffler"
"Prof. Elwyn Corkery"
"Miss America Bradtke"
"Frida Considine"
"Terrence Jacobson"
"Prof. Pamela Stanton IV"
"Brandy Streich"
"Lauriane Prosacco"
"Henriette Terry"
"Tyree Blick"
"Dr. Nichole Shanahan"
"Dr. Ila Leffler II"
"Alexzander Barrows"
"Glen Fritsch MD"
"Fred Emard"
"Caesar Prosacco III"
"Liliana Turner Jr."
"Mrs. Raegan Gorczany"
"Prof. Olen Kiehn DDS"
"Jonathon Hamill"
"Melvin Shields"
"Lelia Franecki"
"Tremayne Schaefer"
"Charles Mohr"
"Mrs. Sandy Buckridge"
"Dr. Garnett Nolan"
"Genoveva Casper II"
"Gilberto Jacobi"
"Jordane Stamm"
"Prof. Jeffery Howe II"
"Ariel Kessler PhD"
"Theo Runolfsson"
"Dr. Frieda Pfannerstill V"
"Lionel Osinski"
"Ellis Pollich"
"Lou Frami DVM"
"Conrad Boyle"
"Elna Bernier PhD"
"Ron Parisian II"
"Fae McDermott"
"Ervin Hartmann"
"Martine Kuhic"
"Ramon Sawayn"
"Prof. Sage Mayer"
"Laverne Gerlach III"
"Daphney Spencer"
"Ottilie Bernhard"
"Mr. Olen Koch DVM"
"Prof. Monserrate Brekke"
"Prof. Edyth Beatty"
"Cleta Lind"
"Enrique Lind"
"Cristian Towne MD"
"Dr. Laney McCullough II"
"Dr. Darrell Dickinson DVM"
"Dr. Leo Jacobi"
"Myrtie Medhurst"
"Kamren Will"
"Olaf Donnelly"
"Freddie Torp"
"Mrs. Kailyn Keebler DVM"
"Coleman Rath"
"Jaylon Kihn"
"Mrs. Verna Nicolas MD"
"Lexi Hilpert"
"Dr. Marshall Waters"
"Miss Micaela Carroll"
"Mr. Dedric Ernser Sr."
"Jaylon Moore"
"Ms. Aisha McKenzie Sr."
"Prof. Georgianna Pollich"
"Tommie Hickle"
"Savanah Hane"
"Kathlyn Dibbert"
"Ebony Rath"
"Maximillia Schulist"
"Delaney Hane"
"Ms. Verda Bayer"
"Antonette Gulgowski"
"Darrel Schiller"
"Anastacio Hoeger"
"Tara Cole"
"Ladarius McGlynn"
"Richie Rogahn"
"Dr. Lucinda Ullrich DVM"
"Dr. Jaylen Cassin V"
"Prof. Emmett Mitchell"
"Elenor Rau"
"Cecilia Prosacco"
"Jett Bins"
"Dr. Alf Walter III"
"Newell Terry"
"Miss Ivah Grady Sr."
"Prof. Tiana Macejkovic"
"Mrs. Trisha Lockman II"
"Jordan Heller"
"Lizzie Beier"
"Dina Greenholt"
"Cortney Carter"
"Emmalee Jerde"
"Holden Jacobson"
"Tito Dickens V"
"Mrs. Felicia Cartwright Sr."
"Ellen Cremin"
"Mr. Guy Kozey"
"Nickolas Pollich"
"Ms. Violette Huels"
"Lenna Pollich"
"Elvie Heathcote"
"Grayson Rempel"
"Prof. Gaetano Murazik III"
"Reinhold Ritchie"
"Darrell Bruen"
"Dr. Broderick Prosacco Sr."
"Katharina Hoeger"
"Mr. Nat Boyle PhD"
"Garrick Mante"
"Mrs. Marjory Schamberger"
"Makenna Goldner Jr."
"Prof. Brycen Kozey"
"Danny Collier"
"Name Collier"
"Prof. Sienna Johns PhD"
"Dr. Rogelio Wilderman"
"Mikayla Koch"
"Macie Leffler"
"Tyree Lind"
"Nina Wyman"
"Lyda Tillman"
"Prof. Dorcas Dietrich Jr."
"Caden Gleichner II"
"Walker Beahan"
"Fredy Prohaska"
"Fausto Greenholt"
"Clyde McGlynn Sr."
"Maria Metz"
"Mrs. Baby Hermann Jr."
"Prof. Angelina Mills MD"
"Fletcher Heller IV"
"Emie Crooks MD"
"Prof. Sincere Jast DDS"
"Gabriel Kling"
"Ahmad Kris"
"Ashley Gleason"
"Patrick McClure"
"Orlo Corkery"
"Dr. Roel Stokes IV"
"Kevon Tromp"
"Ms. Trudie Howell III"
"Dr. Leonard McKenzie MD"
"Manuela Becker"
"Gayle Nienow"
"Tabitha Jacobs"
"Reece Feeney"
"Felix Nitzsche"
"Dr. Christelle Kilback"
"Sanford Aufderhar"
"Miss Juliet Little"
"Mr. Jalon Lesch MD"
"Prof. Camryn Bartell"
"Prof. Crawford Kling"
"Thea Purdy"
"Name Bergstrom DVM"
"Miss Zoie Aufderhar"
"Marjolaine Zboncak"
"Mateo Fahey DVM"
"Prof. Xavier Wyman MD"
"Mr. Issac Grant"
"Brandon Stark"
"Adolf Dooley"
"Mr. Luciano Collier"
"Imani Franecki"
"Ms. Madelyn Nienow"
"Dejon Gerlach"
"Jeremie Dach"
"Kaleigh Ratke"
"Miss Ines Bosco"
"Aryanna Wuckert"
"Ashley Fadel"
"Miss Brielle Schneider DVM"
"Hailey Gerlach"
"Prof. Kristy Kessler"
"Mr. Kristopher Carroll MD"
"Miss Lempi Murazik IV"
"Erin Carter"
"Mrs. Annie Muller"
"Tanner Mueller"
"Dylan Parker"
"Gudrun Gutkowski"
"Dina Koss"
"Miss Gia Macejkovic"
"Neoma Wintheiser I"
"Myrtle Von Jr."
"Margarita Romaguera"
"Queen Predovic"
"Ms. Elisa Macejkovic"
"Prof. Vidal Bode I"
"Dr. Lennie Hartmann"
"Dr. Josh Swaniawski"
"Prof. Ressie Kassulke III"
"Lewis Braun"
"Mavis Schroeder"
"Harmony Bartell II"
"Ms. Ayla Olson"
"Mr. Joan Grimes MD"
"Mr. Evert Mohr"
"Prof. Chaz Crist Jr."
"Bernadette Swift III"
"Theodore Wolff"
"Maci Pollich"
"Marques Hermiston"
"Brennon Yundt"
"Jazmin Kuhn"
"Abdul Gaylord Sr."
"Dr. Jefferey Bradtke Sr."
"Mr. Arnaldo Koss"
"Kallie Mohr III"
"Reina Dach"
"Mr. Everett Lowe II"
"Westley Hayes"
"Buddy O'Kon"
"Keira Rodriguez PhD"
"Gerry Smitham"
"Miss Kallie Torp"
"Cade Weissnat"
"Deborah Jast"
"Jarrod Bogisich"
"Osbaldo Gleason"
"Dennis Littel"
"Erin Kautzer"
"Maximo Langworth"
"Jordon Kunde"
"Prof. Jesus Wuckert DDS"
"Mr. Riley Schamberger"
"Prof. Ewell Reinger V"
"Elyssa Runte DVM"
"Madge Grant"
"Duane Anderson"
"Norma Sipes"
"Miss Gerry Mayer"
"Laverne Renner V"
"Prof. Delta Grant MD"
"Mireya Crona"
"Mr. Arne Runte Jr."
"Prof. Dayne Gleichner V"
"Dr. Coty Franecki PhD"
"Demetris Huel"
"Joany Lakin IV"
"Rogelio Spinka"
"Damaris Reichert"
"Luis Adams"
"Coty Connelly IV"
"Aiyana Wiegand"
"Myriam Shields"
"Dillan Bins"
"Caroline Stroman"
"Ms. Athena Schroeder"
"Mrs. Karianne Macejkovic"
"Willa Prohaska"
"Prof. Mohammad Olson"
"Mr. Oren Yundt"
"Domenick Murazik II"
"Dr. Terrell Frami"
"Samara Crooks Sr."
"Prof. Thad Casper"
"Cortney Schinner"
"Mrs. Veronica Turner II"
"Miss Burnice Leuschke"
"Abdullah Rowe"
"Dr. Alexis Barrows"
"Aisha Greenholt"
"Mr. Kale Adams Jr."
"Freeda Okuneva IV"
"Citlalli Moore"
"Prof. Dolly O'Hara I"
"Ms. Celine Lesch IV"
"Hannah Brakus"
"Trisha Funk PhD"
"Lacey Corwin"
"Dr. Reinhold Hyatt"
"Odell Zboncak"
"Lisa Moen"
"Malcolm Keeling"
"Jocelyn Casper"
"Colt Tillman"
"Mr. Paul Satterfield"
"Prof. Theron O'Reilly"
"Ivah Koelpin"
"Antonina Murazik V"
"Cade Kshlerin"
"Mrs. Winifred Hodkiewicz"
"Mr. Eloy Pfeffer"
"Raleigh Morissette"
"Dr. Anika Kirlin"
"Shany Swaniawski"
"Daniella Jacobson"
"Mrs. Eva Bogan"
"Prof. Haskell Goodwin DDS"
"Prof. Edmund Bailey MD"
"Joelle Mayer"
"Glenda Dare IV"
"Jerry Kiehn"
"Mrs. Mary Leuschke"
"Dominique Koch Jr."
"Bridie Ritchie MD"
"Trent Rogahn"
"Prof. Valerie Schoen"
"Angeline White"
"Elinor Ankunding DVM"
"Benton Little"
"Alexandre Kunde"
"Consuelo Kuphal"
"Ayana Koch"
"Jamir Mante"
"Marion Stroman Sr."
"Prof. Jada Heller"
"Loyal Corkery"
"Keeley Green"
"Delbert Emard"
"Ms. Brandy Kreiger"
"Prof. Jillian Monahan Sr."
"Jamarcus Bergstrom"
"Grady Hudson"
"Prof. Angus Muller"
"Ola Doyle"
"Mrs. Tressie Ortiz Jr."
"Ethan Hirthe"
"Prof. Eriberto Robel"
"Dr. Alvis Prosacco V"
"Bo Stracke"
"Ms. Sasha Weissnat PhD"
"Monty Kihn"
"Vidal Herzog"
"Jalon Gottlieb"
"Alayna Erdman"
"Leif Franecki"
"Blanche Terry"
"Eduardo Volkman"
"Letitia Bailey"
"Juwan Hansen"
"Liliane Goodwin"
"Vanessa Tillman"
"Mrs. Lilla Altenwerth MD"
"Eduardo Kirlin III"
"Mr. Art Ernser"
"Mr. Oscar O'Reilly DVM"
"Payton Murray PhD"
"Rupert Cronin"
"Ivy Williamson"
"Prof. Juanita Lueilwitz"
"Prof. Stephany Gutmann Jr."
"Mr. Noble Murphy"
"Geovanny Haag"
"Hildegard Turcotte"
"Joannie Beahan"
"Damaris Prosacco"
"Ruben Rohan"
"Ms. Talia Lubowitz"
"Pedro Wunsch PhD"
"Mr. Sheridan Wilkinson"
"Graciela Ritchie"
"Ms. Sandrine Hegmann"
"Mr. Jerrod VonRueden Jr."
"Solon Wilkinson"
"Dr. Alexandrine Jakubowski"
"Otho Von"
"Rolando Morar PhD"
"Prof. Noemie Heaney Jr."
"Eusebio Mertz"
"Ryleigh Collier"
"Ms. Kaci Ziemann"
"Miss Mireya Wilderman"
"Emerson Miller"
"Cecil Howe"
"Josue Carroll"
"Annabell Okuneva"
"Mr. Jamaal Stamm DVM"
"Mylene Deckow V"
"Dustin Krajcik"
"Orval Jerde III"
"Electa Hills"
"Wade Langosh"
"Prof. Cordell Gibson"
"Prof. Jayde Towne IV"
"Lane Jakubowski"
"Zola Rodriguez IV"
"Ada Lehner IV"
"Theo Heidenreich"
"Shemar Cremin V"
"Selena Robel"
"Dr. Breanna Kuhic I"
"Miss Breana Schoen"
"Prof. Julian Klein"
"Chasity Upton"
"Antonetta Rodriguez"
"Marques Skiles"
"Nakia Bechtelar"
"Adolph Zboncak V"
"Dr. Sim Weissnat"
"Brain Corkery"
"Constance Boyer"
"Jonathon Bogisich"
"Providenci Hyatt"
"Prof. Bridgette McCullough IV"
"Elton Kreiger"
"Ms. Caitlyn Ziemann"
"Alexane Torphy"
"Ms. Antonette Boehm"
"Cleo Schneider"
"Prof. Estelle Shanahan"
"Reginald Greenholt"
"Charity Conroy Jr."
"Mr. Geovanni Schulist"
"Candida Bergstrom"
"Darby Mohr"
"Jammie Crist II"
"Mr. Giles Vandervort DVM"
"Helga Lueilwitz"
"Yadira Farrell"
"Jeremy Prohaska"
"Mya Treutel"
"Hyman Wehner"
"Chelsey Green PhD"
"Lexie Denesik"
"Charlotte Trantow"
"Dr. Junior Langosh Sr."
"Shaniya Barton IV"
"Kendra Kunze"
"Jaydon Lakin"
"Nash Stark"
"Dr. Viola Turner"
"Arielle Hane"
"Simeon Beer"
"Lenny Nolan"
"Curtis Bechtelar"
"Tatyana Jacobs"
"Polly Quitzon"
"Prof. Jordy Rempel MD"
"Mr. Stone Cummerata"
"Ova Hill"
"Karlee Bernier"
"Forest Dooley"
"Shemar Conroy DDS"
"Garth Gutkowski"
"Dr. Ike Tromp Sr."
"Shana Feeney"
"Geraldine Powlowski"
"Lavada Terry"
"Emilie McGlynn"
"Abdullah Auer"
"Robbie Gutmann"
"Titus Kerluke"
"Ramon Koss"
"Myra Wintheiser"
"Mrs. Maybelle Maggio DVM"
"Helmer Wisoky"
"Prof. Giovanni Farrell"
"Prof. Kaley Wilkinson II"
"Dr. Adelle Padberg"
"Presley Hagenes"
"Chaya Kertzmann"
"Judy Mraz"
"Prof. Douglas Monahan"
"Moriah Kohler"
"Arnaldo Kirlin II"
"Abbie Ryan"
"Jaiden Carter"
"Effie Koepp"
"Taryn Veum"
"Frieda Batz"
"Antonia Heathcote"
"Natalia Dickinson"
"Alf Crist"
"Kaley Swaniawski"
"Neha Gottlieb"
"Prof. Madilyn Renner III"
"Cruz Robel I"
"Newell Halvorson"
"Alize Lemke IV"
"Karlie Toy"
"Prof. Cruz Brekke"
"Tad Pollich III"
"Felton Ryan"
"Prof. Titus Will"
"Emmalee Kuhn Jr."
"Elliot Lemke"
"Bianka Gottlieb"
"Prof. Armani Botsford"
"Beverly Walsh"
"Mr. Saul Tremblay MD"
"Anjali Baumbach"
"Vidal VonRueden"
"Derick Parker"
"Dr. Giles Hettinger IV"
"Rosalee Weimann"
"Maxime Renner"
"Arnaldo Mueller"
"Hobart Corkery"
"Prof. Cyril Lemke"
"Maye Conn"
"Johnathon Ernser"
"Dusty Ryan"
"Stacy Veum"
"Hank Erdman"
"Tomasa Crona"
"Kathleen Murazik"
"Willa Dietrich"
"Adell Romaguera"
"Kamren Beer MD"
"Genoveva Hartmann"
"Dr. Joe Schroeder PhD"
"Abelardo Kuvalis"
"Dallin Stark"
"Modesta Kilback"
"Prof. Derrick Mertz"
"Oswaldo Wintheiser"
"Eduardo Haley"
"Jamison Steuber"
"Prof. Sydney Tremblay II"
"Mr. Alexis Jaskolski"
"Mr. Santa Bogisich"
"Cecil Schaefer"
"Brooke Conn"
"Abel Ruecker"
"Damion Beier"
"Sedrick Carter"
"Felix Blanda IV"
"Armando Zulauf"
"Dr. Sanford Hodkiewicz I"
"Jessie Hills"
"Bryon Doyle"
"Kelley Collins"
"Ashton Pfeffer PhD"
"Miss Matilde Sanford IV"
"Prof. Jarred Muller"
"Mr. Devon Batz DDS"
"Ashleigh Wolff"
"Prof. Adrain Bergstrom"
"Gabriel Bode"
"Amber Hahn"
"Prof. Domenick Marks II"
"Roberta Koch"
"Lina Blick"
"Prof. Larissa Harber"
"Era Predovic"
"Jayda Wyman Sr."
"Timmothy Weber"
"Prof. Jaron Orn DVM"
"Kennedi McGlynn II"
"Ms. Halie Feil MD"
"Garry Yost"
"Ms. Helena Kozey I"
"Santino Bruen"
"Keely Prohaska"
"Dr. Ramona Howe"
"Mr. Valentin Casper PhD"
"Connie Walker"
"Keeley Welch"
"Katelin Waelchi V"
"Brooke Friesen"
"Hilbert Padberg"
"Raoul Tremblay"
"Eden Lynch"
"Mrs. Clare Mosciski I"
"Mrs. Kathleen Ernser DDS"
"Thad Crist"
"Dr. Koby Harvey"
"Sherwood Jacobi III"
"Orion Rodriguez"
"Parker Dickinson"
"Miss Vita Deckow"
"Ms. Dorris Frami DVM"
"Andreane Labadie"
"Dr. Amaya Moen DDS"
"Christa Schroeder"
"Agnes Connelly"
"Prof. Nelson Fay"
"Donnie Stroman"
"Foster Swift"
"Mr. Reilly Schowalter"
"Loy Cassin"
"Prof. Tony Lubowitz"
"Elisabeth Murray"
"Garrick Streich"
"Hosea Stark"
"Anya Bradtke V"
"Dr. Jaquan Rolfson"
"Dr. Sophia Cronin DDS"
"Franz Christiansen"
"Mrs. Irma Mueller"
"Leopold Dickens"
"Holden Brakus"
"Ethan Hudson"
"Trevion Schoen"
"Zander Grimes"
"Miss Joyce Heller"
"Orie Kutch"
"Laurianne Gerhold"
"Rodger Murazik"
"Diego Schmidt"
"Ms. Daniella Wiegand IV"
"Tianna Lueilwitz DVM"
"Marques Fadel"
"Maurice Emard IV"
"Federico Hegmann"
"Miracle Koss"
"Mrs. Annie Dibbert"
"Prof. Florida Spinka"
"Prof. Elyssa Goodwin II"
"Dr. Avery Howe"
"Kenya Beier"
"Matteo McCullough"
"Forrest Marks"
"Patience Jenkins"
"Earl Batz"
"Ahmed McGlynn"
"Maude Keebler"
"Magali Fritsch"
"Florence Jakubowski DDS"
"Lavinia Corwin"
"Llewellyn Beatty"
"Mona Ankunding"
"Jeffery Pfannerstill"
"Crystel Terry"
"Mrs. Kianna Cartwright"
"Cristopher Bins MD"
"Katheryn McDermott"
"Kasey Bergnaum"
"Justen Hills V"
"Prof. Britney Hudson"
"Sierra Legros"
"Stephon Oberbrunner II"
"Ms. Chaya Lindgren"
"Brielle Baumbach"
"Mr. Louie Heaney V"
"Mavis Rowe Sr."
"Sydney Renner"
"Asha Bartoletti"
"Sienna Spinka V"
"Candida Feeney"
"Brandyn Feeney"
"Francesca Strosin"
"Kelvin Zboncak"
"Dr. April Schroeder II"
"Coby Nikolaus Sr."
"German Mosciski"
"Yazmin Legros"
"Meagan Hyatt"
"Mr. Gregory Purdy Jr."
"Emma Abernathy"
"Angus Kihn DVM"
"Aiyana Prohaska"
"Elaina Langosh"
"Camden Hane V"
"Monique Bartell Jr."
"Dr. Eino Fadel"
"Jamarcus Hartmann"
"Mr. Sylvester Stoltenberg"
"Mr. Timmy Schiller PhD"
"Demarco Kuhn"
"Norwood Welch"
"Vergie Schmeler"
"Miss Angelina Emard"
"Fleta Macejkovic"
"Jamison Watsica"
"Ada Renner"
"Isabelle Crona"
"Dr. Kamren Veum V"
"Jairo Heidenreich"
"Icie Gleichner"
"Ms. Katelin Haag"
"Mr. Terrence Borer V"
"Dr. Arlo Kerluke IV"
"Haskell Green"
"Cortney Price"
"Mrs. Lorna Bernier DDS"
"Nicklaus Brakus"
"Bria Toy"
"Halie Pfeffer Jr."
"Vincenzo Moen"
"Lance Goodwin"
"Raheem Hudson"
"Liza Bartoletti"
"Prof. Clinton McLaughlin"
"Etha Greenholt"
"Elouise Botsford"
"Leann Leannon"
"Darien Dickinson"
"Mitchel Wunsch"
"Darlene Rohan"
"Mr. Jasper Crona"
"Naomi Wisozk"
"Prof. Idella Denesik"
"Cassie Barrows"
"Tiffany McDermott"
"Dr. Kendra Brown MD"
"Mr. Stone Hartmann Jr."
"Maci Hills"
"Kathleen Effertz V"
"Harmony Shields"
"Fabian Casper"
"Mr. Alexandre Harris"
"Boris Reinger"
"Mylene McDermott"
"Kamron Lebsack II"
"Ms. Caterina Harvey"
"Darrin Graham"
"Mckayla Stark"
"Dr. Ivy Flatley II"
"Mrs. Katrina Aufderhar"
"Eveline Homenick"
"Katrine Hamill"
"Madalyn Thiel"
"Mr. Salvador Wehner II"
"Lizzie Jacobson"
"Danny Reilly I"
"Emely Kshlerin II"
"Ashlee Wilderman"
"Clyde Frami"
"Dr. Lavinia Weissnat"
"Gisselle Lockman"
"Audreanne Parker"
"Danika Monahan"
"Ms. Vivianne Kuhic PhD"
"Willa Ruecker"
"Jaron McClure"
"Adela Haag"
"Stefanie Lemke V"
"Devante Considine"
"Tyrese Cartwright"
"Prof. Mac Kreiger"
"Gisselle Farrell DVM"
"Kaela Dare"
"Vince Hickle"
"Archibald Borer V"
"Jordy Schinner II"
"Davion Roberts"
"Alanna Murray"
"Enola Schimmel V"
"Virginia Leuschke"
"Grover Schneider"
"Leta Cole"
"Rachel Wehner"
"Lilyan Jacobi"
"Eden Rice"
"Effie Schneider"
"Bernie Leuschke"
"Enoch Von"
"Prof. Vincenza Murphy"
"Ladarius Fisher"
"Mariam Bosco"
"Ms. Tatyana Gottlieb V"
"Richie Thiel"
"Adolphus O'Keefe"
"Vivian Farrell"
"Zena Schneider"
"Joannie O'Connell MD"
"Tiara Ryan"
"Mr. Wilber Dickens"
"Vilma Schimmel"
"Wilhelmine Emard"
"Melyssa Gutkowski"
"Rubye Weber"
"Gladyce Schowalter"
"Brielle Gerlach"
"Bradly Dooley Sr."
"Melyssa Oberbrunner"
"Melba Oberbrunner"
"Mrs. Gregoria Carter Sr."
"Gus Krajcik III"
"Pierre Bayer"
"Dimitri Gottlieb"
"Amya Abernathy"
"Mireya Kessler"
"Miss Twila Considine"
"Dr. Ewell Herzog"
"Una Schaefer"
"Troy Leffler"
"Prof. Felipe Denesik"
"Golden Von III"
"Diego Mueller"
"Everett Jaskolski"
"Dr. Tyreek Ruecker MD"
"Alden Sipes II"
"Drake Grant"
"Werner Cassin"
"Alba Smith III"
"Retha Upton"
"Jazlyn Towne"
"Issac Towne"
"Felipe Cartwright"
"Elias Corkery"
"Cayla Beahan Jr."
"Prof. Raegan Bailey"
"Gaston Walker"
"Danyka Ortiz"
"Mr. Keenan Cruickshank III"
"Lucile Considine IV"
"Ms. Shaina Wisozk"
"Morris Bogisich"
"Rodger Wyman"
"Ms. Kasandra Halvorson PhD"
"Newton Hudson"
"Nola Kutch"
"Dolly Considine"
"Efren Boyer"
"Reginald Hirthe"
"Walker Kub"
"Alana Bednar II"
"Ida Jast"
"Prof. Saige O'Reilly"
"Jarvis Haag III"
"Freida Schumm DDS"
"Jerry Hand"
"Shany Heller Sr."
"Tressa Ankunding"
"Miss Mandy Abbott"
"Theo Miller"
"Ella Shanahan"
"Mylene Franecki"
"Prof. Kennith Lowe MD"
"Kavon Breitenberg"
"Destany Barton"
"Mrs. Baby Sipes Sr."
"Miss Lesly Stoltenberg"
"Trystan Torphy"
"Prof. Jazmyn Okuneva I"
"Mrs. Alvina Moen"
"Dallas Pfannerstill DVM"
"Wellington Bergnaum"
"Giles Wisoky"
"Brando Huel IV"
"Prof. Travis Ruecker MD"
"Ethelyn Koch"
"Haylie Stark"
"Filiberto O'Keefe"
"Prof. Dexter Deckow"
"Prof. Reece Parisian V"
"Miss Agustina Vandervort II"
"Lonnie Hettinger"
"Prof. Bettie Langworth"
"Ian Dicki"
"Colleen Wolff Sr."
"Susana Schmeler"
"Nicholaus Cassin"
"Adam Schaefer III"
"Aileen Dicki"
"Maximillia Gerlach"
"Dr. Dixie Predovic DVM"
"Albert Nitzsche"
"Dr. Ubaldo Hane"
"Ross Hermiston IV"
"Green Kiehn"
"Trey Goyette"
"Jonathan Monahan"
"Marcelina Roob"
"Darian Bradtke"
"Beryl Reichel"
"Salma Littel"
"Danika Ortiz"
"Ines Eichmann"
"Alexandre Osinski"
"Damion Durgan"
"Benedict Skiles"
"Marcelle Schowalter"
"Stanley Friesen"
"Dr. Alvis Morar III"
"Elsie Quigley"
"Owen Padberg"
"Mattie Labadie"
"Dr. Morton Ankunding IV"
"Athena Beier"
"Salvatore Legros DVM"
"Mr. Miller Jacobson"
"Lorena Nienow PhD"
"Cora Sanford"
"Marie Williamson"
"Mac Bashirian"
"Dr. Haylie Parisian"
"Miss Priscilla White II"
"Ms. Allie Cummings"
"Efrain Nikolaus"
"Prof. Alvina Jacobson"
"Earl Bednar"
"Lura Nicolas"
"Marcella Jakubowski IV"
"Marie Denesik"
"Prof. Aryanna Dare II"
"Alexanne Pouros III"
"Judson Paucek"
"Lolita Koch"
"Kali Dietrich Sr."
"Valerie Orn"
"Ciara Ondricka"
"Shayne Pfeffer DDS"
"Breanne Brakus"
"Eli Flatley"
"Mr. Linwood Rau"
"Rasheed Abernathy"
"Ms. Melissa Maggio DDS"
"Mireya Farrell IV"
"Valentine Homenick"
"Juvenal Boyle"
"Mr. Fabian Lakin DDS"
"Dr. Tressa Haley Sr."
"Torey Dach"
"Sierra Nikolaus"
"Adolfo Donnelly"
"Zula Wuckert"
"Casandra Steuber"
"Lillian Morissette DVM"
"Triston Kunde V"
"Jedediah Bode"
"Mr. Guy Blick II"
"Bonnie Medhurst"
"Sid Brekke"
"Madonna Kunze"
"Cassandre Harvey"
"Karolann Quitzon"
"Prof. Lexi Bruen Sr."
"Lucienne Ruecker"
"Tina Metz"
"Christophe Swift"
"Prof. Kacey Mohr III"
"Lilyan D'Amore"
"Neha Aufderhar"
"Miss Lilliana Mayert II"
"Dejon Ondricka"
"Maxime Lebsack"
"Franz Auer"
"Prof. Myrtice Bednar"
"Mrs. Aaliyah Lowe"
"Prof. Mark Hamill I"
"Prof. Eduardo Mann Jr."
"Ms. Sunny Parker"
"Prof. Trystan Buckridge"
"Chaz Kub"
"Amos Towne"
"Vernice Krajcik"
"Marcel Abbott"
"Dr. Zane Pouros MD"
"Mr. Cary Hoppe"
"Laron Hill DVM"
"Keira Feil"
"Fredrick Koelpin V"
"Alisha Auer DDS"
"Dr. German Schulist"
"Tina Hamill"
"Prof. Garth Turner"
"Mr. Dejuan Hagenes"
"Prof. Maribel Hettinger Sr."
"Johathan Mann"
"Katrine Balistreri"
"Eugenia Stroman"
"Grady Hoppe DDS"
"Joanny Swift Sr."
"Lisette Botsford"
"Stevie O'Hara"
"Emilio Armstrong"
"Prof. Soledad Cruickshank PhD"
"Mae Hyatt"
"Zita Emard III"
"Prof. Jeffry Smith"
"Lolita Abshire"
"Matilde Boyle"
"Darrion Mante IV"
"Ransom Quigley PhD"
"Jailyn Keebler"
"Trevion Rippin"
"Preston Goldner"
"Lilliana Heathcote II"
"Dr. Haley McLaughlin II"
"Hayden Bosco"
"Rae Towne"
"Reed Walker II"
"Ms. Bessie Leffler"
"Oren Crist"
"Aiden Roberts Jr."
"Maggie Hodkiewicz Sr."
"Norbert Morissette"
"Lyda Friesen I"
"Katelin Koch"
"Violet Harris MD"
"Carlo Smitham"
"William Bayer MD"
"Prof. Trever Satterfield MD"
"Norma Parker I"
"Jodie Collier"
"Kory Ryan"
"Jairo Cassin"
"Brianne Kuhlman"
"Ryleigh Hoeger"
"Ms. Willie Schuster"
"Mr. Gunner Mertz II"
"Ms. Abbigail Tillman"
"Neal Gutkowski"
"Theodore Wyman"
"Hattie D'Amore III"
"Annie Zemlak"
"Sister Spencer"
"Anabel Morissette"
"Marlin O'Kon"
"Dr. Ashley Shanahan DDS"
"Ignatius Kihn"
"Mrs. Clarissa Wolff DVM"
"Jamarcus Wunsch"
"Delilah Schowalter Sr."
"Terence Gutkowski DDS"
"Dr. Wendell Erdman PhD"
"Dr. Hazle Dibbert PhD"
"Larue Pacocha"
"Mr. Rene Hilpert"
"Bettye Pfeffer"
"Michaela Kautzer"
"Lola Powlowski"
"Miss Delia Murray"
"Ambrose Leannon Jr."
"Ashton Jerde"
"Pansy Kihn"
"Chanelle Pfannerstill"
"Allie Collier"
"Kiel Collins"
"Phoebe Koss II"
"Everette Zboncak DVM"
"Wanda Kutch"
"Francisca Smitham"
"Rogers Hill"
"Brando Hermann"
"Lucile Robel"
"Clair Bosco"
"Kristina Stamm"
"Bria Lowe"
"Robb Stamm"
"Miss Trudie Dickinson"
"Norene Koss II"
"Ms. Bernice Buckridge V"
"Roy Donnelly"
"Patience Rolfson MD"
"Toby Cremin DVM"
"Xavier Runolfsson"
"Derek Funk"
"Velma Lesch Sr."
"Lisa Krajcik"
"Prof. Marlon Hermiston"
"Manuela Beier"
"Vella Hettinger"
"Priscilla Yost"
"Rosetta Hickle"
"Monte Wilderman"
"Marvin Zemlak"
"Mathias Morissette V"
"Malinda Predovic"
"Orin Rosenbaum"
"Lauriane Will"
"Ryley Torphy"
"Guillermo Larson"
"Prof. Ezra Reichel"
"Rosella Roob"
"Keaton Nicolas IV"
"Prof. Napoleon Nicolas Jr."
"Mr. Louie Altenwerth"
"Raphaelle Schneider"
"Emilie Trantow"
"Carolina Runolfsson"
"Rusty Simonis"
"Lue Mills"
"Crystal Bradtke"
"Brandy Yost"
"June Stroman DVM"
"Madge Torphy PhD"
"Dr. Merritt DuBuque MD"
"Prof. Cedrick McCullough"
"Daphney Grimes"
"Krystal Aufderhar"
"Prof. Vernon Stamm I"
"Terrence Abernathy"
"Dr. Bradly Bode DVM"
"Tyra Bartoletti"
"Magdalena Labadie"
"Miss Rafaela Hirthe"
"Prof. Audrey Casper"
"Dr. Joel Rath DVM"
"Mr. Maximus Schuster MD"
"Isom White"
"Violette Leannon"
"Annie Schaden"
"Casimer Jast"
"Magdalena O'Conner"
"Neal Marvin III"
"Dr. Theodore Flatley V"
"Dr. Zane Ryan Sr."
"Shea Huel"
"Prof. Bethel Leuschke PhD"
"Kristofer Gulgowski"
"Mafalda Hahn"
"Palma Dietrich"
"Mrs. Rosella Heidenreich MD"
"Colt Smith"
"Kaelyn McDermott"
"Mr. Derick Cole"
"Deborah Cummerata"
"Prof. Kraig Jaskolski"
"Earnest Robel"
"Connie Cartwright Sr."
"Moshe Stiedemann"
"Tierra Nolan"
"Art Boehm Jr."
"Cyril Herzog PhD"
"Tierra Ernser"
"Genesis Hahn"
"Mr. Jett Emmerich"
"Giles Effertz"
"Turner Torphy"
"Mr. Derick Welch"
"Tom Okuneva PhD"
"Hester Vandervort"
"Lula Olson"
"Wilber Lockman"
"Shakira Pouros"
"Sigmund Zboncak I"
"Jovanny Schoen"
"Kyleigh Runolfsdottir"
"Dena Sawayn"
"Mrs. Selina Tillman I"
"Jany Sipes"
"Miss Letha Herman Jr."
"Katrine Tillman"
"Dr. Stefan Williamson III"
"Prof. Sabrina Daugherty IV"
"Lenny Cummerata III"
"Emil Purdy DDS"
"Cole Beahan"
"Dr. Lonnie Sipes Jr."
"Keara Gusikowski"
"Jude Crona III"
"Prof. Melvin Hudson"
"Lewis Barrows"
"Prof. Henry Wehner II"
"Dr. Zoey McGlynn Jr."
"Ms. Leora Kuvalis"
"Saige Adams"
"Mr. Benny Schroeder MD"
"Imani Lemke"
"Troy Franecki"
"Lilian Hansen"
"Bernadette Predovic"
"Eric Smitham II"
"Mr. Derick Murazik Jr."
"Don Wolff"
"Mr. Sterling McLaughlin V"
"Dr. Angeline Douglas"
"Noemie Quitzon Sr."
"Sophia Dach DVM"
"Christop Baumbach"
"June Turner"
"Mrs. Camila Lindgren"
"Miss Amaya Gorczany I"
"Edwina McKenzie I"
"Grant Jenkins"
"Gaetano Funk"
"Dianna Hammes"
"Russ Howell"
"Alaina Bode"
"Colin Leuschke PhD"
"Lilliana Kuhic"
"Alyson Wiza"
"Gilbert Heaney"
"Eulah McKenzie"
"Alanna Mosciski"
"Nayeli Kassulke"
"Felipa Treutel"
"Shana Romaguera"
"Mr. Kyleigh Stehr"
"Rebecca Walsh"
"Dr. Adalberto Goldner"
"Prof. Chandler Mohr"
"Mrs. Ena Kunze PhD"
"Tavares Graham"
"Rhianna Botsford"
"Alexa Robel"
"Mr. Dayne Schamberger PhD"
"Dr. Eloise Cormier MD"
"Luz Funk"
"Emerson Johnston DDS"
"Jacey Price DDS"
"Karli Veum"
"Leola Runte"
"Prof. Alessandra Schulist"
"Eugenia Waelchi Sr."
"Rickey Boyer"
"Tyler Lockman"
"Prof. Anabel Jacobson Jr."
"Ms. Modesta Zulauf"
"Prof. Evans Blanda"
"Marina Kuhlman IV"
"Prof. Alec Nicolas"
"Winston Wyman III"
"Elsie Swift"
"Travon Walter"
"Samantha Harvey Sr."
"Kelli Huel IV"
"Margaret Wehner I"
"Virgie Bogan"
"Ericka Harber Jr."
"Belle Davis"
"Dr. Antonette Cassin"
"Sally Paucek PhD"
"Dr. Travis Sawayn Sr."
"Mr. Garrick Ullrich II"
"Tom Swift"
"Dr. Gregg Bartoletti V"
"Dr. Obie McGlynn"
"Ryan Kiehn I"
"Marcos Williamson DDS"
"Elian Ratke"
"Mr. Johnathon Legros"
"Dr. Sydni Marquardt"
"Dr. Lelah Hudson"
"Garett Marquardt"
"Green Heidenreich"
"Davion Williamson"
"Napoleon Hauck"
"Lamar Dietrich"
"Eula Schiller"
"Maddison Considine I"
"Dr. Natalie Christiansen III"
"Prof. Keven Grant III"
"Mrs. Meda Howe Sr."
"Dr. Clovis Howe"
"Mr. Edwin Smith IV"
"Ms. Modesta Morar"
"Chaz Maggio"
"Trey Raynor"
"Kim Cummerata"
"Matt Reichert"
"Brandyn Bogisich DDS"
"Lucy Boyle"
"Rollin Kihn"
"Prof. Nasir Bernhard Jr."
"Ms. Kaci Robel"
"Rhett Schroeder"
"Daryl Bradtke"
"Geovanni Stracke"
"Dannie Considine"
"Jessica Monahan"
"Gussie Cartwright"
"Cara Collier"
"Dr. Arnaldo Walker"
"Brianne Jones IV"
"Edgardo Mante"
"Zetta Schowalter"
"Ms. Bette Eichmann PhD"
"Hailey Bogisich"
"Lawson Dietrich"
"Elizabeth Bartell Jr."
"Dorthy Rogahn"
"Dr. Carson Orn MD"
"Carmen Leffler"
"Eldridge Schneider"
"Murphy Krajcik"
"Joyce Bogisich III"
"Ms. Therese Mante II"
"Tyrel O'Keefe"
"Miss Marie Haley II"
"Dameon Stiedemann"
"Rocky Hermiston"
"Geraldine Beatty"
"Hassan Wolf"
"Lucy Blanda"
"Anjali Deckow"
"Miss Tierra Friesen"
"Dr. Durward Bednar"
"Ms. Viva Bradtke III"
"Tom Pouros DDS"
"Vergie Hickle"
"Mr. Damian Koss V"
"Taylor Eichmann"
"Kamren Halvorson"
"Eleonore Torphy"
"Kraig Schulist"
"Myrtie Corwin Sr."
"Dr. Casper Legros I"
"Adele Strosin"
"Laney Purdy"
"Virginie Kiehn"
"Donavon Wuckert II"
"Phyllis Schumm"
"Ethyl Robel"
"Mr. Zander Mosciski II"
"Kamren Weimann DVM"
"Prof. Giovanni Mitchell Sr."
"Susanna Hayes"
"Nova Rau"
"Albina Schamberger"
"Alek Schuster"
"Abraham Orn"
"Dariana Koss I"
"Allene Steuber"
"Ms. Ila Raynor"
"Bernardo Graham MD"
"Prof. David Zboncak"
"Jamie Weissnat"
"Dr. Blanca Predovic II"
"Ms. Otilia Prohaska PhD"
"Alvis Kirlin"

"Stacy Short"
"Contact Name"
"Contact Name"
"Contact Name"
"Contact Name"
"Lee Garcia"
